,Character,Openness,Conscientiousness,Extraversion,Agreeableness,Neuroticism,Num_Chunks_Analyzed,Openness_scaled,Conscientiousness_scaled,Extraversion_scaled,Agreeableness_scaled,Neuroticism_scaled,pc1,pc2,pc3,Cluster,Hybrid_SLOAN,Cluster_k2,Cluster_k4,Cluster_k8,Cluster_k9,Cluster_k10,Cluster_k5,Cluster_k6,Cluster_k7
0,Harry Potter,4.251197598,3.208040025,3.392719952,3.53428048,2.583629968,45,-0.990045421,-1.29863416,-0.957200712,-1.121734349,0.786138796,-2.312979505,-0.203559438,0.154787903,1,RLUEN,1,1,1,2,2,1,1,1
1,Hermione Granger,4.266084711,3.226328611,3.392671108,3.536307931,2.578650554,24,-0.739719958,-1.081704835,-0.957928524,-1.08393925,0.702269031,-2.048079778,-0.223218718,-0.05536127,1,RLUEN,1,1,1,2,2,1,1,1
2,Ron Weasley,4.188145529,3.142978603,3.334799853,3.488474607,2.614824306,22,-2.050260265,-2.070357598,-1.820253027,-1.975633034,1.311554342,-4.14621883,-0.411958782,0.237331856,1,RLUEN,1,1,1,2,2,1,1,1
3,Albus Dumbledore,4.360913685,3.35843814,3.519773415,3.627856709,2.459145126,21,0.854820695,0.485307013,0.935989857,0.622684293,-1.310596604,1.862426224,-0.597629444,0.244360779,2,SCoAI,2,3,5,6,6,4,4,5
4,Rubeus Hagrid,4.219483455,3.158740401,3.354983091,3.474621773,2.584393144,12,-1.523315869,-1.883399666,-1.519507851,-2.233873225,0.798993184,-3.585590988,-0.919252527,0.116512882,1,RLUEN,1,1,1,2,2,1,1,1
5,Severus Snape,4.372502736,3.384658234,3.536741223,3.636173759,2.467496804,7,1.04968953,0.796315608,1.188822739,0.777728134,-1.169926797,2.221285028,-0.336524105,0.196180865,2,SCOAI,2,3,5,6,6,4,4,5
6,Horace Slughorn,4.313615322,3.269792829,3.458334957,3.565360478,2.506149428,7,0.059502983,-0.566155767,0.020511387,-0.542350799,-0.518889094,-0.250933738,-0.784626609,0.212462194,3,sCUEi,2,4,8,9,10,5,6,7
7,Minerva McGonagall,4.362657785,3.353655259,3.476056178,3.626534224,2.510399898,6,0.884147579,0.428575062,0.284570695,0.59803094,-0.447297164,1.183249952,0.042964741,-0.298662276,2,scoAI,2,3,5,6,6,4,4,5
8,Remus Lupin,4.343059858,3.333946188,3.5077583,3.622093161,2.503364245,6,0.554610193,0.194796716,0.756955747,0.515242047,-0.565800766,1.154500715,-0.092570165,0.309333576,2,SCoAI,2,3,5,6,6,4,4,5
9,Voldemort,4.406703949,3.418932581,3.566862822,3.664233208,2.464814711,5,1.624779845,1.202859388,1.637656841,1.300803555,-1.215102094,3.12910487,0.004660742,0.128660417,2,SCOAI,2,3,5,6,6,4,4,5
10,Tom Riddle,4.365542293,3.370711088,3.525725186,3.637458026,2.503145576,4,0.932650307,0.630882095,1.024675643,0.80166904,-0.569483883,1.779541355,0.138994045,0.157346832,2,SCOAI,2,3,5,6,6,4,4,5
11,Sirius Black,4.33282423,3.310831666,3.469362736,3.596750498,2.537439883,4,0.38249904,-0.079375258,0.184833449,0.042812085,0.008145381,0.239245615,0.044204763,-0.016308293,2,sluai,2,3,5,6,6,4,4,5
12,Draco Malfoy,4.251499653,3.220621467,3.383103371,3.555110097,2.596212626,4,-0.984966391,-1.149399903,-1.10049489,-0.733435181,0.998072248,-2.221934683,0.186884946,0.019062062,1,RLUEN,1,1,1,2,2,1,1,1
13,Alastor Moody,4.293832421,3.277555406,3.441688061,3.56116575,2.543706,4,-0.273144709,-0.474080274,-0.227539677,-0.620547599,0.113687463,-0.770919139,-0.319954697,0.085178814,1,rluEn,1,1,1,2,2,1,1,1
14,Arthur Weasley,4.227669716,3.230187893,3.397506793,3.529992263,2.55469346,3,-1.385664631,-1.035928123,-0.885873239,-1.201673956,0.298752546,-2.175453996,-0.62262019,0.318685986,1,RlUEN,1,1,1,2,2,1,1,1
15,Bellatrix Lestrange,4.381393433,3.415907701,3.544305881,3.641500473,2.474121888,3,1.199185796,1.166979894,1.301541741,0.877027059,-1.058338517,2.50939442,-0.13578566,0.037581351,2,SCOAI,2,3,5,6,6,4,4,5
16,Lucius Malfoy,4.3853453,3.431570689,3.557602406,3.682322661,2.525828123,3,1.265636091,1.352765796,1.499669793,1.63802146,-0.187434957,2.696824533,1.036930201,0.090641947,2,ScOAI,2,3,5,6,6,4,4,5
17,Vernon Dursley,4.311974525,3.342606942,3.428744316,3.607172092,2.573447386,3,0.031913136,0.297525896,-0.420411046,0.237088165,0.614630524,-0.190010854,0.63601742,-0.476919057,1,rLoai,1,2,4,5,5,3,3,4
18,Neville Longbottom,4.279447238,3.228199482,3.374633392,3.558141708,2.635636091,3,-0.515030274,-1.059513579,-1.226703842,-0.676920833,1.662093462,-2.272743308,0.776358853,-0.402472898,1,RLUEN,1,1,1,1,1,1,1,1
19,Gilderoy Lockhart,4.306472301,3.331010977,3.450822512,3.590889215,2.503267209,3,-0.060606264,0.159980831,-0.091429593,-0.066452098,-0.567435179,0.207982115,-0.497101751,-0.062823638,3,rCoen,2,4,7,8,8,5,5,6
20,Dobby,4.333192984,3.407714208,3.521023671,3.643042882,2.523956299,3,0.388699606,1.069793109,0.954619592,0.905780168,-0.218962652,1.601428677,0.518892839,0.159451868,2,ScOAi,2,3,5,6,6,4,4,5
21,Cornelius Fudge,4.292258104,3.281151851,3.464537064,3.594261726,2.535122554,3,-0.299616718,-0.431421188,0.112927374,-0.003582821,-0.030886088,-0.271365886,-0.072604402,0.429041642,1,scuen,1,1,2,3,3,2,2,2
22,Dolores Umbridge,4.406270822,3.427157561,3.502357721,3.662535508,2.493605534,3,1.617496853,1.300419657,0.676483138,1.269155579,-0.730169649,2.514545424,0.31816999,-0.652412487,2,SCOAI,2,3,5,6,6,4,4,5
23,Argus Filch,4.368576527,3.438027263,3.439743876,3.581073403,2.434107065,2,0.983670679,1.429350186,-0.256509461,-0.249435382,-1.732320142,1.589354956,-1.411421797,-1.193057397,3,rCOeI,2,4,7,8,9,5,5,6
24,Ginny Weasley,4.270480871,3.263395667,3.383531809,3.578716993,2.622251391,2,-0.665798917,-0.642035448,-1.094110844,-0.293362838,1.436650963,-1.825048681,0.852674247,-0.343346138,1,RLUeN,1,1,1,1,1,1,1,1
25,George Weasley,4.258506536,3.271054745,3.430392504,3.589584589,2.610105515,2,-0.867146275,-0.551187607,-0.395851831,-0.090772535,1.23207433,-1.379666613,0.858765671,0.265734609,1,rLUeN,1,1,1,1,1,1,1,1
26,Fred Weasley,4.258418322,3.28096509,3.415350437,3.575622559,2.599211931,2,-0.8686296,-0.433636448,-0.619989749,-0.351048318,1.048590451,-1.470241602,0.560026623,0.031390969,1,RLueN,1,1,1,1,1,1,1,1
27,Luna Lovegood,4.300243616,3.293761611,3.395504951,3.566302061,2.558677435,2,-0.165341047,-0.281851028,-0.915702164,-0.524798103,0.365855818,-1.011048638,-0.094122914,-0.559096842,1,RluEn,1,1,1,2,2,1,1,1
28,Petunia Dursley,4.334760666,3.384088397,3.503873587,3.664741516,2.563201785,2,0.415060031,0.789556504,0.699070653,1.310279281,0.4420608,1.275991077,1.232469669,0.087061193,2,SlOAi,2,3,6,7,7,4,4,5
29,Molly Weasley,4.279968739,3.317853689,3.457597494,3.60948801,2.54442656,2,-0.506261283,0.003916187,0.009522647,0.280260792,0.12582408,-0.151812617,0.247239384,0.28671679,1,sloaN,1,1,3,4,4,2,2,3
30,Seamus Finnigan,4.207561016,3.290114641,3.39203608,3.524434805,2.601521969,2,-1.723790604,-0.325109413,-0.967390909,-1.305274334,1.087499105,-2.4141361,0.041946184,0.012493501,1,RLuEN,1,1,1,2,2,1,1,1
31,Sybill Trelawney,4.391847849,3.490754008,3.602524757,3.696282268,2.376046658,2,1.374975863,2.054766354,2.169046061,1.898252057,-2.710248936,4.533309992,-0.774249119,0.480442261,2,SCOAI,2,3,5,6,6,4,4,5
